,Estimate,SE,LowerCI,UpperCI,Chi2,df,p,z_wald,p_wald,
(Intercept),-0.24,0.33,-0.91,0.4,  NA,NA,   NA,-0.713827614,0.475333782,"[-0.91, 0.4]"
conditiontest,-0.12,0.3,-0.74,0.5,0.15,1,0.698,-0.391685726,0.695290438,"[-0.74, 0.5]"
z.trial,-0.09,0.15,-0.4,0.2,0.39,1,0.53,-0.633014485,0.526724184,"[-0.4, 0.2]"
first_conditiontest,0.21,0.43,-0.69,1.15,0.24,1,0.626,0.49056395,0.623734889,"[-0.69, 1.15]"
